User_Addr,Class,Eyes,Ears,Back,Mouth,Horn,Tail,Winrate
https://axie.zone//profile?ron_addr=0x62ea77d4a3e22490fc6a24cedd749f1f6b82ea28,Plant,Papi,Lotus,Bidens,Zigzag,Pliers,Yam,0
https://axie.zone//profile?ron_addr=0x62ea77d4a3e22490fc6a24cedd749f1f6b82ea28,Reptile,Confused,Friezard,Bone Sail,Toothless Bite,Cerastes,Grass Snake,0
https://axie.zone//profile?ron_addr=0x62ea77d4a3e22490fc6a24cedd749f1f6b82ea28,Dusk,Telescope,Seaslug,Indian Star,Tiny Turtle,Wing Horn,Grass Snake,0
https://axie.zone//profile?ron_addr=0xdaf19aef1ae54ed92d54997b6dd951d25ab94c94,Plant,Confused,Clover,Pumpkin,Pincer,Leaf Bug,Yam,0
https://axie.zone//profile?ron_addr=0xdaf19aef1ae54ed92d54997b6dd951d25ab94c94,Dusk,Gecko,Tiny Fan,Garish Worm,Toothless Bite,Cerastes,Grass Snake,0
https://axie.zone//profile?ron_addr=0xdaf19aef1ae54ed92d54997b6dd951d25ab94c94,Dusk,Topaz,Nimo,Garish Worm,Tiny Turtle,Wing Horn,Grass Snake,0
https://axie.zone//profile?ron_addr=0x1b246e446336f55b4150294ccd39693fb4a8aa9b,Aquatic,Telescope,Inkling,Bone Sail,Cute Bunny,Bumpy,Cattail,0
https://axie.zone//profile?ron_addr=0x1b246e446336f55b4150294ccd39693fb4a8aa9b,Bird,Mavis,Peace Maker,Pigeon Post,Cute Bunny,Eggshell,Post Fight,0
https://axie.zone//profile?ron_addr=0x1b246e446336f55b4150294ccd39693fb4a8aa9b,Plant,Confused,Lotus,Pumpkin,Cute Bunny,Leaf Bug,Hot Butt,0
https://axie.zone//profile?ron_addr=0x31ed9d2cc16b312cc4b3ec9030bff6522fc8da69,Bug,Sleepless,Bubblemaker,Garish Worm,Cute Bunny,Parasite,Fish Snack,0
https://axie.zone//profile?ron_addr=0x31ed9d2cc16b312cc4b3ec9030bff6522fc8da69,Plant,Cucumber Slice,Hollow,Garish Worm,Cute Bunny,Parasite,Cattail,0
https://axie.zone//profile?ron_addr=0x31ed9d2cc16b312cc4b3ec9030bff6522fc8da69,Aquatic,Clear,Bubblemaker,Goldfish,Cute Bunny,Parasite,Nimo,0
https://axie.zone//profile?ron_addr=0x9d7c8b278533f3533518f37d72b2d6fc013a36f9,Dusk,Papi,Rosa,Turnip,Cute Bunny,Antenna,Carrot,0
https://axie.zone//profile?ron_addr=0x9d7c8b278533f3533518f37d72b2d6fc013a36f9,Bug,Sleepless,Larva,Sandal,Cute Bunny,Antenna,Fish Snack,0
https://axie.zone//profile?ron_addr=0x9d7c8b278533f3533518f37d72b2d6fc013a36f9,Aquatic,Clear,Gill,Goldfish,Cute Bunny,Antenna,Nimo,0
https://axie.zone//profile?ron_addr=0x1ecb2d3ad316b04dd491916d1d8f428d008cb768,Bug,Sleepless,Nyan,Spiky Wing,Cute Bunny,Antenna,Fish Snack,0
https://axie.zone//profile?ron_addr=0x1ecb2d3ad316b04dd491916d1d8f428d008cb768,Bug,Bookworm,Nyan,Garish Worm,Cute Bunny,Antenna,Fish Snack,0
https://axie.zone//profile?ron_addr=0x1ecb2d3ad316b04dd491916d1d8f428d008cb768,Plant,Confused,Rosa,Bidens,Zigzag,Leaf Bug,Yam,0
https://axie.zone//profile?ron_addr=0x1c4c23652b5e25d24bbd0195cd8bf43ab3bbec1f,Bug,Confused,Larva,Sandal,Cute Bunny,Antenna,Fish Snack,0
https://axie.zone//profile?ron_addr=0x1c4c23652b5e25d24bbd0195cd8bf43ab3bbec1f,Dusk,Nerdy,Hollow,Turnip,Cute Bunny,Antenna,Fish Snack,0
https://axie.zone//profile?ron_addr=0x1c4c23652b5e25d24bbd0195cd8bf43ab3bbec1f,Dusk,Papi,Ear Breathing,Bone Sail,Cute Bunny,Antenna,Nimo,0
https://axie.zone//profile?ron_addr=0xf52c5f320c7c8f2b62cbee4827aa69a4f921aa4b,Plant,Confused,Clover,Pumpkin,Pincer,Leaf Bug,Yam,0
https://axie.zone//profile?ron_addr=0xf52c5f320c7c8f2b62cbee4827aa69a4f921aa4b,Dusk,Gero,Gill,Garish Worm,Tiny Turtle,Wing Horn,Grass Snake,0
https://axie.zone//profile?ron_addr=0xf52c5f320c7c8f2b62cbee4827aa69a4f921aa4b,Dusk,Topaz,Sidebarb,Garish Worm,Toothless Bite,Cerastes,Grass Snake,0
https://axie.zone//profile?ron_addr=0xa2aa2a9b2f0409c4578994b052ab944051fab25d,Plant,Papi,Leafy,Pumpkin,Serious,Leaf Bug,Yam,0
https://axie.zone//profile?ron_addr=0xa2aa2a9b2f0409c4578994b052ab944051fab25d,Dusk,Clear,Gill,Ronin,Tiny Turtle,Wing Horn,Grass Snake,0
https://axie.zone//profile?ron_addr=0xa2aa2a9b2f0409c4578994b052ab944051fab25d,Reptile,Topaz,Friezard,Bone Sail,Toothless Bite,Cerastes,Grass Snake,0
https://axie.zone//profile?ron_addr=0xba29e82955d1df085b826252bd89d8ec28d2c2db,Dusk,Topaz,Inkling,Garish Worm,Cute Bunny,Antenna,Fish Snack,0
https://axie.zone//profile?ron_addr=0xba29e82955d1df085b826252bd89d8ec28d2c2db,Dusk,Gero,Bubblemaker,Goldfish,Cute Bunny,Antenna,Nimo,0
https://axie.zone//profile?ron_addr=0xba29e82955d1df085b826252bd89d8ec28d2c2db,Dusk,Papi,Leafy,Bone Sail,Cute Bunny,Antenna,Carrot,0
https://axie.zone//profile?ron_addr=0xd2e68436a176485658e8ca7d4a38acc3b159e358,Plant,Papi,Lotus,Garish Worm,Pincer,Pliers,Hot Butt,0
https://axie.zone//profile?ron_addr=0xd2e68436a176485658e8ca7d4a38acc3b159e358,Aquatic,Little Owl,Bubblemaker,Goldfish,Cute Bunny,Arco,Nimo,0
https://axie.zone//profile?ron_addr=0xd2e68436a176485658e8ca7d4a38acc3b159e358,Plant,Bookworm,Clover,Garish Worm,Pincer,Parasite,Fish Snack,0
https://axie.zone//profile?ron_addr=0xb19773a478f1eb20cfa6fda2a0e34798217806a3,Aquatic,Gero,Nimo,Anemone,Cute Bunny,Anemone,Nimo,0
https://axie.zone//profile?ron_addr=0xb19773a478f1eb20cfa6fda2a0e34798217806a3,Bird,Little Owl,Early Bird,Cupid,Cute Bunny,Kestrel,Post Fight,0
https://axie.zone//profile?ron_addr=0xb19773a478f1eb20cfa6fda2a0e34798217806a3,Aquatic,Clear,Inkling,Bone Sail,Cute Bunny,Oranda,Nimo,0
https://axie.zone//profile?ron_addr=0x7e574900d3ea0d8b3573d94e5dc5d05de535512d,Bug,Bookworm,Small Frill,Garish Worm,Cute Bunny,Antenna,Fish Snack,0
https://axie.zone//profile?ron_addr=0x7e574900d3ea0d8b3573d94e5dc5d05de535512d,Dusk,Clear,Innocent Lamb,Bone Sail,Pincer,Antenna,Fish Snack,0
https://axie.zone//profile?ron_addr=0x7e574900d3ea0d8b3573d94e5dc5d05de535512d,Dusk,Clear,Tiny Fan,Bone Sail,Cute Bunny,Antenna,Nimo,0
https://axie.zone//profile?ron_addr=0x665b770cc5debcde7e1b7ef5dbdba5a2cd816367,Dusk,Nerdy,Clover,Pumpkin,Pincer,Leaf Bug,Yam,0
https://axie.zone//profile?ron_addr=0x665b770cc5debcde7e1b7ef5dbdba5a2cd816367,Dusk,Clear,Inkling,Garish Worm,Tiny Turtle,Wing Horn,Grass Snake,0
https://axie.zone//profile?ron_addr=0x665b770cc5debcde7e1b7ef5dbdba5a2cd816367,Dusk,Telescope,Seaslug,Garish Worm,Toothless Bite,Cerastes,Grass Snake,0
https://axie.zone//profile?ron_addr=0x850e0d2892df9e9bc6c27e84295ac0954b68e408,Aquatic,Telescope,Inkling,Anemone,Piranha,Anemone,Nimo,0
https://axie.zone//profile?ron_addr=0x850e0d2892df9e9bc6c27e84295ac0954b68e408,Plant,Confused,Sakura,Bidens,Zigzag,Cactus,Hot Butt,0
https://axie.zone//profile?ron_addr=0x850e0d2892df9e9bc6c27e84295ac0954b68e408,Bird,Mavis,Peace Maker,Ronin,Doubletalk,Kestrel,Post Fight,0
https://axie.zone//profile?ron_addr=0x4531788db38061cd93c829ccc2d5ae90af84d969,Reptile,Topaz,Small Frill,Garish Worm,Toothless Bite,Cerastes,Grass Snake,0
https://axie.zone//profile?ron_addr=0x4531788db38061cd93c829ccc2d5ae90af84d969,Plant,Papi,Clover,Pumpkin,Serious,Leaf Bug,Yam,0
https://axie.zone//profile?ron_addr=0x4531788db38061cd93c829ccc2d5ae90af84d969,Dusk,Gero,Early Bird,Garish Worm,Tiny Turtle,Wing Horn,Grass Snake,0
https://axie.zone//profile?ron_addr=0x2f56b886025281b37ec24c68625f365fb039ba63,Plant,Papi,Clover,Pumpkin,Serious,Leaf Bug,Yam,0
https://axie.zone//profile?ron_addr=0x2f56b886025281b37ec24c68625f365fb039ba63,Reptile,Mavis,Tiny Fan,Bone Sail,Toothless Bite,Incisor,Grass Snake,0
https://axie.zone//profile?ron_addr=0x2f56b886025281b37ec24c68625f365fb039ba63,Dusk,Mavis,Nimo,Furball,Tiny Turtle,Wing Horn,Grass Snake,0
https://axie.zone//profile?ron_addr=0xef609dc490e1afda29f6e3484980acf34441b44c,Aquatic,Telescope,Nimo,Goldfish,Cute Bunny,Arco,Nimo,0
https://axie.zone//profile?ron_addr=0xef609dc490e1afda29f6e3484980acf34441b44c,Plant,Papi,Sidebarb,Garish Worm,Pincer,Cactus,Hot Butt,0
https://axie.zone//profile?ron_addr=0xef609dc490e1afda29f6e3484980acf34441b44c,Bug,Papi,Early Bird,Garish Worm,Pincer,Parasite,Fish Snack,0
https://axie.zone//profile?ron_addr=0x775e91fc17205d15facac477ceefec111d9cc29c,Plant,Papi,Lotus,Bidens,Zigzag,Beech,Hot Butt,0
https://axie.zone//profile?ron_addr=0x775e91fc17205d15facac477ceefec111d9cc29c,Dusk,Clear,Curly,Risky Beast,Nut Cracker,Dual Blade,Nut Cracker,0
https://axie.zone//profile?ron_addr=0x775e91fc17205d15facac477ceefec111d9cc29c,Plant,Papi,Curly,Bidens,Zigzag,Leaf Bug,Hot Butt,0
https://axie.zone//profile?ron_addr=0xafaeb2f2a871617cb31d18e65c0081d530c1cae5,Reptile,Gecko,Curved Spine,Garish Worm,Toothless Bite,Cerastes,Grass Snake,0
https://axie.zone//profile?ron_addr=0xafaeb2f2a871617cb31d18e65c0081d530c1cae5,Plant,Cucumber Slice,Lotus,Pumpkin,Pincer,Leaf Bug,Yam,0
https://axie.zone//profile?ron_addr=0xafaeb2f2a871617cb31d18e65c0081d530c1cae5,Dusk,Mavis,Early Bird,Garish Worm,Tiny Turtle,Wing Horn,Grass Snake,0
https://axie.zone//profile?ron_addr=0xf0bf8db5a77324df05238de6769bcb121b30588c,Dusk,Confused,Nimo,Bone Sail,Toothless Bite,Cerastes,Grass Snake,0
https://axie.zone//profile?ron_addr=0xf0bf8db5a77324df05238de6769bcb121b30588c,Dusk,Clear,Gill,Furball,Tiny Turtle,Wing Horn,Grass Snake,0
https://axie.zone//profile?ron_addr=0xf0bf8db5a77324df05238de6769bcb121b30588c,Plant,Papi,Lotus,Pumpkin,Pincer,Leaf Bug,Yam,0
https://axie.zone//profile?ron_addr=0x06348d1536187e22e45e82ca6da1739c3d4aab82,Bug,Bookworm,Larva,Garish Worm,Cute Bunny,Antenna,Fish Snack,0
https://axie.zone//profile?ron_addr=0x06348d1536187e22e45e82ca6da1739c3d4aab82,Dusk,Papi,Friezard,Pumpkin,Cute Bunny,Antenna,Carrot,0
https://axie.zone//profile?ron_addr=0x06348d1536187e22e45e82ca6da1739c3d4aab82,Aquatic,Little Owl,Bubblemaker,Goldfish,Cute Bunny,Antenna,Nimo,0
https://axie.zone//profile?ron_addr=0xbc93580ec6ac601f08bfcaa242c5e32115b217f4,Dusk,Mavis,Gill,Furball,Tiny Turtle,Wing Horn,Grass Snake,0
https://axie.zone//profile?ron_addr=0xbc93580ec6ac601f08bfcaa242c5e32115b217f4,Plant,Papi,Leafy,Pumpkin,Pincer,Parasite,Yam,0
https://axie.zone//profile?ron_addr=0xbc93580ec6ac601f08bfcaa242c5e32115b217f4,Dusk,Tricky,Friezard,Bone Sail,Toothless Bite,Cerastes,Grass Snake,0
https://axie.zone//profile?ron_addr=0xf2ae6fdd8ff308440b3e3b7614698af29e30b02b,Aquatic,Gero,Pink Cheek,Anemone,Goda,Anemone,Nimo,0
https://axie.zone//profile?ron_addr=0xf2ae6fdd8ff308440b3e3b7614698af29e30b02b,Bird,Mavis,Pink Cheek,Pigeon Post,Little Owl,Eggshell,Hare,0
https://axie.zone//profile?ron_addr=0xf2ae6fdd8ff308440b3e3b7614698af29e30b02b,Aquatic,Gero,Bubblemaker,Anemone,Goda,Anemone,Nimo,0
https://axie.zone//profile?ron_addr=0x16e49134261c00e02bd49170a2b496091e6ead79,Dusk,Gero,Bubblemaker,Snail Shell,Cute Bunny,Lagging,Thorny Caterpillar,0
https://axie.zone//profile?ron_addr=0x16e49134261c00e02bd49170a2b496091e6ead79,Bird,Mavis,Inkling,Pigeon Post,Cute Bunny,Eggshell,Post Fight,0
https://axie.zone//profile?ron_addr=0x16e49134261c00e02bd49170a2b496091e6ead79,Plant,Papi,Lotus,Pumpkin,Cute Bunny,Leaf Bug,Hot Butt,0
https://axie.zone//profile?ron_addr=0x10865891f635651bf965d2e2a2f653fe719c5ae1,Aquatic,Clear,Nimo,Goldfish,Cute Bunny,Oranda,Nimo,0
https://axie.zone//profile?ron_addr=0x10865891f635651bf965d2e2a2f653fe719c5ae1,Bug,Papi,Small Frill,Garish Worm,Pincer,Parasite,Fish Snack,0
https://axie.zone//profile?ron_addr=0x10865891f635651bf965d2e2a2f653fe719c5ae1,Plant,Confused,Hollow,Garish Worm,Zigzag,Beech,Cattail,0
https://axie.zone//profile?ron_addr=0xc3f4bf1f4337cd61a6dca0ece52f4e1635e6f35c,Aquatic,Clear,Bubblemaker,Ronin,Risky Fish,Oranda,Koi,0
https://axie.zone//profile?ron_addr=0xc3f4bf1f4337cd61a6dca0ece52f4e1635e6f35c,Plant,Papi,Clover,Pumpkin,Serious,Leaf Bug,Cattail,0
https://axie.zone//profile?ron_addr=0xc3f4bf1f4337cd61a6dca0ece52f4e1635e6f35c,Aquatic,Clear,Inkling,Ronin,Risky Fish,Oranda,Nimo,0
https://axie.zone//profile?ron_addr=0x4145fc0877c09dc3ff967bf8068a6549ea75eb79,Plant,Papi,Hollow,Pumpkin,Serious,Leaf Bug,Yam,0
https://axie.zone//profile?ron_addr=0x4145fc0877c09dc3ff967bf8068a6549ea75eb79,Dusk,Clear,Gill,Shiitake,Tiny Turtle,Wing Horn,Grass Snake,0
https://axie.zone//profile?ron_addr=0x4145fc0877c09dc3ff967bf8068a6549ea75eb79,Reptile,Gecko,Curved Spine,Bone Sail,Toothless Bite,Cerastes,Grass Snake,0
https://axie.zone//profile?ron_addr=0x8c9bd6dae4b825c4a0c9922bc968a415b83a854c,Bug,Mavis,Leafy,Garish Worm,Cute Bunny,Parasite,Fish Snack,0
https://axie.zone//profile?ron_addr=0x8c9bd6dae4b825c4a0c9922bc968a415b83a854c,Bird,Mavis,Peace Maker,Pigeon Post,Cute Bunny,Eggshell,Post Fight,0
https://axie.zone//profile?ron_addr=0x8c9bd6dae4b825c4a0c9922bc968a415b83a854c,Plant,Cucumber Slice,Rosa,Buzz Buzz,Cute Bunny,Leaf Bug,Cattail,0
https://axie.zone//profile?ron_addr=0x9c8dfac61db380716e48c6b721e597b097be1999,Aquatic,Clear,Bubblemaker,Ronin,Risky Fish,Oranda,Koi,0
https://axie.zone//profile?ron_addr=0x9c8dfac61db380716e48c6b721e597b097be1999,Aquatic,Sleepless,Nimo,Perch,Lam,Babylonia,Nimo,0
https://axie.zone//profile?ron_addr=0x9c8dfac61db380716e48c6b721e597b097be1999,Aquatic,Gero,Tiny Fan,Anemone,Lam,Anemone,Nimo,0
https://axie.zone//profile?ron_addr=0x1cfe3352f26363d9d08f5a7e0a843bbb532eb51f,Plant,Papi,Lotus,Bidens,Serious,Cactus,Hot Butt,0
https://axie.zone//profile?ron_addr=0x1cfe3352f26363d9d08f5a7e0a843bbb532eb51f,Aquatic,Clear,Nimo,Risky Beast,Risky Fish,Cuckoo,Koi,0
https://axie.zone//profile?ron_addr=0x1cfe3352f26363d9d08f5a7e0a843bbb532eb51f,Aquatic,Clear,Inkling,Pigeon Post,Risky Fish,Arco,Nimo,0
https://axie.zone//profile?ron_addr=0x3618440e121a41ca88489598885f6cf5584cfff2,Aquatic,Clear,Bubblemaker,Jaguar,Cute Bunny,Oranda,Nimo,0
https://axie.zone//profile?ron_addr=0x3618440e121a41ca88489598885f6cf5584cfff2,Dusk,Clear,Bubblemaker,Croc,Cute Bunny,Lagging,Thorny Caterpillar,0
https://axie.zone//profile?ron_addr=0x3618440e121a41ca88489598885f6cf5584cfff2,Plant,Kotaro?,Hollow,Bidens,Cute Bunny,Cactus,Cattail,0
https://axie.zone//profile?ron_addr=0xbfdaad0103583dd36e5c17fa5ecd2d8a1efe6b22,Plant,Blossom,Leaf Bug,Pumpkin,Cute Bunny,Antenna,Hot Butt,0
https://axie.zone//profile?ron_addr=0xbfdaad0103583dd36e5c17fa5ecd2d8a1efe6b22,Bug,Topaz,Ear Breathing,Bone Sail,Cute Bunny,Antenna,Fish Snack,0
https://axie.zone//profile?ron_addr=0xbfdaad0103583dd36e5c17fa5ecd2d8a1efe6b22,Aquatic,Clear,Bubblemaker,Goldfish,Cute Bunny,Antenna,Nimo,0
https://axie.zone//profile?ron_addr=0x29de31bfdcac4552d2236ec91f3efe18cc13c193,Bug,Sleepless,Nimo,Sandal,Cute Bunny,Antenna,Fish Snack,0
https://axie.zone//profile?ron_addr=0x29de31bfdcac4552d2236ec91f3efe18cc13c193,Aquatic,Telescope,Inkling,Goldfish,Cute Bunny,Antenna,Nimo,0
https://axie.zone//profile?ron_addr=0x29de31bfdcac4552d2236ec91f3efe18cc13c193,Plant,Papi,Clover,Pumpkin,Zigzag,Antenna,Cattail,0
https://axie.zone//profile?ron_addr=0x68e671a43c6e30d12dbf6d7dfbad16eea5e9640a,Aquatic,Clear,Nimo,Goldfish,Cute Bunny,Oranda,Nimo,0
https://axie.zone//profile?ron_addr=0x68e671a43c6e30d12dbf6d7dfbad16eea5e9640a,Plant,Cucumber Slice,Clover,Scarab,Zigzag,Cactus,Hot Butt,0
https://axie.zone//profile?ron_addr=0x68e671a43c6e30d12dbf6d7dfbad16eea5e9640a,Bug,Neo,Sakura,Garish Worm,Pincer,Parasite,Fish Snack,0
https://axie.zone//profile?ron_addr=0xe35a756e6dabf3c24e18b5e2d0fd747e45584d23,Aquatic,Gero,Inkling,Anemone,Cute Bunny,Anemone,Gravel Ant,0
https://axie.zone//profile?ron_addr=0xe35a756e6dabf3c24e18b5e2d0fd747e45584d23,Bird,Lucas,Owl,Pigeon Post,Cute Bunny,Eggshell,Post Fight,0
https://axie.zone//profile?ron_addr=0xe35a756e6dabf3c24e18b5e2d0fd747e45584d23,Plant,Cucumber Slice,Hollow,Turnip,Cute Bunny,Cactus,Hot Butt,0
https://axie.zone//profile?ron_addr=0x61b8b4299b4e01730d1369f7f53884285d229d90,Bug,Kotaro?,Ear Breathing,Garish Worm,Pincer,Parasite,Fish Snack,0
https://axie.zone//profile?ron_addr=0x61b8b4299b4e01730d1369f7f53884285d229d90,Plant,Cucumber Slice,Rosa,Scarab,Cute Bunny,Beech,Carrot,0
https://axie.zone//profile?ron_addr=0x61b8b4299b4e01730d1369f7f53884285d229d90,Aquatic,Clear,Bubblemaker,Balloon,Cute Bunny,Oranda,Koi,0
https://axie.zone//profile?ron_addr=0x0b48c0421b9c1ce6f56b6a0226d9c42c381a3fad,Dusk,Topaz,Friezard,Garish Worm,Cute Bunny,Antenna,Pupae,0
https://axie.zone//profile?ron_addr=0x0b48c0421b9c1ce6f56b6a0226d9c42c381a3fad,Dusk,Papi,Clover,Pumpkin,Cute Bunny,Antenna,Cattail,0
https://axie.zone//profile?ron_addr=0x0b48c0421b9c1ce6f56b6a0226d9c42c381a3fad,Aquatic,Gero,Gill,Goldfish,Cute Bunny,Antenna,Nimo,0
https://axie.zone//profile?ron_addr=0xd0376e2c57fae94019cc274686fa6be850e35a9b,Plant,Confused,Clover,Pumpkin,Serious,Leaf Bug,Yam,0
https://axie.zone//profile?ron_addr=0xd0376e2c57fae94019cc274686fa6be850e35a9b,Dusk,Papi,Friezard,Bone Sail,Toothless Bite,Cerastes,Grass Snake,0
https://axie.zone//profile?ron_addr=0xd0376e2c57fae94019cc274686fa6be850e35a9b,Dusk,Sleepless,Pink Cheek,Furball,Tiny Turtle,Wing Horn,Grass Snake,0
https://axie.zone//profile?ron_addr=0x1756edecf8806d3038fb3203cf0e0b69f4e55102,Plant,Tricky,Clover,Scarab,Goda,Beech,Pupae,0
https://axie.zone//profile?ron_addr=0x1756edecf8806d3038fb3203cf0e0b69f4e55102,Bird,Mavis,Curly,Pigeon Post,Doubletalk,Eggshell,Post Fight,0
https://axie.zone//profile?ron_addr=0x1756edecf8806d3038fb3203cf0e0b69f4e55102,Aquatic,Telescope,Pink Cheek,Balloon,Risky Fish,Dual Blade,Hare,0
https://axie.zone//profile?ron_addr=0xb1af1cc14d63c19283985b2cc182d3e17b7ca0fd,Plant,Papi,Lotus,Pumpkin,Serious,Leaf Bug,Yam,0
https://axie.zone//profile?ron_addr=0xb1af1cc14d63c19283985b2cc182d3e17b7ca0fd,Dusk,Clear,Gill,Croc,Tiny Turtle,Cuckoo,Thorny Caterpillar,0
https://axie.zone//profile?ron_addr=0xb1af1cc14d63c19283985b2cc182d3e17b7ca0fd,Dusk,Clear,Tiny Fan,Tri Spikes,Tiny Turtle,Incisor,Thorny Caterpillar,0
https://axie.zone//profile?ron_addr=0x5f81e681e9904fa59c91da6049d76859a582e4ba,Plant,Papi,Hollow,Pumpkin,Serious,Leaf Bug,Yam,0
https://axie.zone//profile?ron_addr=0x5f81e681e9904fa59c91da6049d76859a582e4ba,Dusk,Telescope,Pink Cheek,Garish Worm,Tiny Turtle,Wing Horn,Grass Snake,0
https://axie.zone//profile?ron_addr=0x5f81e681e9904fa59c91da6049d76859a582e4ba,Dusk,Telescope,Pogona,Garish Worm,Toothless Bite,Cerastes,Grass Snake,0
https://axie.zone//profile?ron_addr=0x7cd377701b6e1f89c194b1fce442bc6fbc424aa3,Dusk,Chubby,Curved Spine,Snail Shell,Cute Bunny,Parasite,Nimo,0
https://axie.zone//profile?ron_addr=0x7cd377701b6e1f89c194b1fce442bc6fbc424aa3,Dusk,Sleepless,Earwing,Bidens,Cute Bunny,Parasite,Gila,0
https://axie.zone//profile?ron_addr=0x7cd377701b6e1f89c194b1fce442bc6fbc424aa3,Dusk,Chubby,Clover,Watering Can,Cute Bunny,Parasite,Carrot,0
https://axie.zone//profile?ron_addr=0x3db324e36f2d23fb58a73031de6709ad0c38ab91,Plant,Confused,Risky Bird,Pumpkin,Cute Bunny,Antenna,Carrot,0
https://axie.zone//profile?ron_addr=0x3db324e36f2d23fb58a73031de6709ad0c38ab91,Aquatic,Clear,Risky Bird,Goldfish,Cute Bunny,Antenna,Nimo,0
https://axie.zone//profile?ron_addr=0x3db324e36f2d23fb58a73031de6709ad0c38ab91,Bug,Cucumber Slice,Bubblemaker,Buzz Buzz,Cute Bunny,Antenna,Fish Snack,0
https://axie.zone//profile?ron_addr=0x736432e4e90273326a4c1cd71ed525131ca50279,Bug,Neo,Peace Maker,Sandal,Cute Bunny,Antenna,Fish Snack,0
https://axie.zone//profile?ron_addr=0x736432e4e90273326a4c1cd71ed525131ca50279,Plant,Confused,Rosa,Pumpkin,Cute Bunny,Antenna,Hot Butt,0
https://axie.zone//profile?ron_addr=0x736432e4e90273326a4c1cd71ed525131ca50279,Aquatic,Gero,Inkling,Goldfish,Cute Bunny,Antenna,Nimo,0
https://axie.zone//profile?ron_addr=0x91adedac95d4d216e66a087ce67c9366e349168a,Bug,Kotaro?,Ear Breathing,Garish Worm,Cute Bunny,Parasite,Fish Snack,0
https://axie.zone//profile?ron_addr=0x91adedac95d4d216e66a087ce67c9366e349168a,Plant,Papi,Leafy,Pumpkin,Cute Bunny,Leaf Bug,Carrot,0
https://axie.zone//profile?ron_addr=0x91adedac95d4d216e66a087ce67c9366e349168a,Aquatic,Clear,Gill,Goldfish,Cute Bunny,Arco,Nimo,0
https://axie.zone//profile?ron_addr=0x4d1714ec1a04d38dde75d9cd83ae8a54dc97acc5,Aquatic,Telescope,Gill,Ronin,Risky Fish,Arco,Hare,0
https://axie.zone//profile?ron_addr=0x4d1714ec1a04d38dde75d9cd83ae8a54dc97acc5,Plant,Cucumber Slice,Lotus,Pumpkin,Serious,Leaf Bug,Cattail,0
https://axie.zone//profile?ron_addr=0x4d1714ec1a04d38dde75d9cd83ae8a54dc97acc5,Plant,Papi,Clover,Bidens,Zigzag,Scaly Spoon,Gravel Ant,0
https://axie.zone//profile?ron_addr=0x2d252c8b44a87ddffa6963386066e1d5ac82a2ea,Plant,Robin,Leafy,Hero,Cute Bunny,Parasite,Hot Butt,0
https://axie.zone//profile?ron_addr=0x2d252c8b44a87ddffa6963386066e1d5ac82a2ea,Plant,Sleepless,Nimo,Bidens,Zigzag,Pocky,Hot Butt,0
https://axie.zone//profile?ron_addr=0x2d252c8b44a87ddffa6963386066e1d5ac82a2ea,Bug,Sleepless,Larva,Sandal,Pincer,Parasite,Fish Snack,0
https://axie.zone//profile?ron_addr=0x8d55fbfd50d86fa7262b38e5686b9b2b5e6b4484,Aquatic,Clear,Inkling,Blue Moon,Cute Bunny,Arco,Nimo,0
https://axie.zone//profile?ron_addr=0x8d55fbfd50d86fa7262b38e5686b9b2b5e6b4484,Beast,Little Owl,Curly,Hero,Cute Bunny,Dual Blade,Hare,0
https://axie.zone//profile?ron_addr=0x8d55fbfd50d86fa7262b38e5686b9b2b5e6b4484,Dusk,Topaz,Leafy,Pumpkin,Cute Bunny,Leaf Bug,Hot Butt,0
https://axie.zone//profile?ron_addr=0x5dfb6be9840855aa9434459add58cdce967cb6b9,Bug,Clear,Tiny Fan,Garish Worm,Cute Bunny,Antenna,Pupae,0
https://axie.zone//profile?ron_addr=0x5dfb6be9840855aa9434459add58cdce967cb6b9,Bug,Chubby,Innocent Lamb,Garish Worm,Cute Bunny,Antenna,Fish Snack,0
https://axie.zone//profile?ron_addr=0x5dfb6be9840855aa9434459add58cdce967cb6b9,Plant,Papi,Rosa,Bidens,Zigzag,Antenna,Hatsune,0
https://axie.zone//profile?ron_addr=0xb01076b7e89027f41700ffb598626ca068329430,Plant,Confused,Lotus,Bidens,Serious,Cactus,Hot Butt,0
https://axie.zone//profile?ron_addr=0xb01076b7e89027f41700ffb598626ca068329430,Aquatic,Telescope,Bubblemaker,Turnip,Risky Fish,Dual Blade,Nimo,0
https://axie.zone//profile?ron_addr=0xb01076b7e89027f41700ffb598626ca068329430,Dusk,Sleepless,Bubblemaker,Croc,Tiny Turtle,Cuckoo,Hare,0
https://axie.zone//profile?ron_addr=0x1ade8278b2de456e104d2e8c16fd194b8a23342f,Aquatic,Gero,Inkling,Anemone,Lam,Anemone,Nimo,0
https://axie.zone//profile?ron_addr=0x1ade8278b2de456e104d2e8c16fd194b8a23342f,Bird,Mavis,Owl,Pigeon Post,Little Owl,Eggshell,Hare,0
https://axie.zone//profile?ron_addr=0x1ade8278b2de456e104d2e8c16fd194b8a23342f,Aquatic,Gero,Inkling,Anemone,Goda,Anemone,Nimo,0
https://axie.zone//profile?ron_addr=0x67a0e66b181abe5f2cbe888d37d4ca608be5fab0,Bird,Mavis,Peace Maker,Pigeon Post,Little Owl,Eggshell,Hare,0
https://axie.zone//profile?ron_addr=0x67a0e66b181abe5f2cbe888d37d4ca608be5fab0,Aquatic,Gero,Nimo,Anemone,Lam,Anemone,Nimo,0
https://axie.zone//profile?ron_addr=0x67a0e66b181abe5f2cbe888d37d4ca608be5fab0,Aquatic,Clear,Inkling,Anemone,Lam,Anemone,Nimo,0
https://axie.zone//profile?ron_addr=0x760461badad770aa48b4827c3c71b35c735e71e3,Plant,Papi,Rosa,Bidens,Zigzag,Beech,Yam,0
https://axie.zone//profile?ron_addr=0x760461badad770aa48b4827c3c71b35c735e71e3,Bug,Neo,Beetle Spike,Snail Shell,Square Teeth,Parasite,Gravel Ant,0
https://axie.zone//profile?ron_addr=0x760461badad770aa48b4827c3c71b35c735e71e3,Reptile,Blossom,Friezard,Garish Worm,Toothless Bite,Cerastes,Grass Snake,0
https://axie.zone//profile?ron_addr=0xc1503f6c65f9c890d149e875acbca3d893dc3594,Dusk,Gero,Bubblemaker,Garish Worm,Tiny Turtle,Wing Horn,Grass Snake,0
https://axie.zone//profile?ron_addr=0xc1503f6c65f9c890d149e875acbca3d893dc3594,Reptile,Papi,Sakura,Garish Worm,Toothless Bite,Cerastes,Grass Snake,0
https://axie.zone//profile?ron_addr=0xc1503f6c65f9c890d149e875acbca3d893dc3594,Plant,Papi,Lotus,Pumpkin,Pincer,Leaf Bug,Yam,0
https://axie.zone//profile?ron_addr=0xc09850b60f97a6ed1496b3638903d41b3167e141,Bug,Topaz,Ear Breathing,Garish Worm,Pincer,Parasite,Fish Snack,0
https://axie.zone//profile?ron_addr=0xc09850b60f97a6ed1496b3638903d41b3167e141,Plant,Papi,Lotus,Garish Worm,Pincer,Cactus,Hot Butt,0
https://axie.zone//profile?ron_addr=0xc09850b60f97a6ed1496b3638903d41b3167e141,Aquatic,Clear,Inkling,Goldfish,Cute Bunny,Arco,Nimo,0
https://axie.zone//profile?ron_addr=0x4e30632b2ebc49d72c8c3d8f4c279d758d6eb3e6,Plant,Confused,Lotus,Bidens,Zigzag,Bumpy,Yam,0
https://axie.zone//profile?ron_addr=0x4e30632b2ebc49d72c8c3d8f4c279d758d6eb3e6,Dusk,Clear,Gill,Furball,Tiny Turtle,Wing Horn,Grass Snake,0
https://axie.zone//profile?ron_addr=0x4e30632b2ebc49d72c8c3d8f4c279d758d6eb3e6,Dusk,Sleepless,Bubblemaker,Bone Sail,Toothless Bite,Incisor,Grass Snake,0
https://axie.zone//profile?ron_addr=0x158d7e9b392bab03647c84ef9277f984a318a265,Plant,Papi,Clover,Bidens,Serious,Parasite,Yam,0
https://axie.zone//profile?ron_addr=0x158d7e9b392bab03647c84ef9277f984a318a265,Reptile,Topaz,Tassels,Bone Sail,Toothless Bite,Cerastes,Grass Snake,0
https://axie.zone//profile?ron_addr=0x158d7e9b392bab03647c84ef9277f984a318a265,Dusk,Topaz,Bubblemaker,Furball,Tiny Turtle,Wing Horn,Grass Snake,0
https://axie.zone//profile?ron_addr=0x0e7bf123ee331f83c58240f57cd9436931c04267,Bug,Tricky,Peace Maker,Spiky Wing,Cute Bunny,Antenna,Thorny Caterpillar,0
https://axie.zone//profile?ron_addr=0x0e7bf123ee331f83c58240f57cd9436931c04267,Dusk,Clear,Bubblemaker,Snail Shell,Cute Bunny,Antenna,Nimo,0
https://axie.zone//profile?ron_addr=0x0e7bf123ee331f83c58240f57cd9436931c04267,Dusk,Mavis,Bubblemaker,Bone Sail,Cute Bunny,Parasite,Nimo,0
https://axie.zone//profile?ron_addr=0xdb7de8e8c3c735c38e9fa3ba9dbf5e49032737c3,Bug,Neo,Ear Breathing,Snail Shell,Pincer,Parasite,Fish Snack,0
https://axie.zone//profile?ron_addr=0xdb7de8e8c3c735c38e9fa3ba9dbf5e49032737c3,Aquatic,Clear,Inkling,Balloon,Risky Fish,Pocky,Koi,0
https://axie.zone//profile?ron_addr=0xdb7de8e8c3c735c38e9fa3ba9dbf5e49032737c3,Aquatic,Sleepless,Curly,Goldfish,Risky Fish,Pocky,Nimo,0
https://axie.zone//profile?ron_addr=0xdddef7e0f5350440b51ce8a55b29f6fb8ae32fc0,Bug,Mavis,Sakura,Garish Worm,Cute Bunny,Cerastes,Fish Snack,0
https://axie.zone//profile?ron_addr=0xdddef7e0f5350440b51ce8a55b29f6fb8ae32fc0,Plant,Papi,Hollow,Garish Worm,Serious,Leaf Bug,Yam,0
https://axie.zone//profile?ron_addr=0xdddef7e0f5350440b51ce8a55b29f6fb8ae32fc0,Dusk,Clear,Gill,Croc,Tiny Turtle,Lagging,Thorny Caterpillar,0
https://axie.zone//profile?ron_addr=0x3935a2b1afc39e4d419249650278a021ab1a0587,Dusk,Papi,Curly,Red Ear,Toothless Bite,Cerastes,Grass Snake,0
https://axie.zone//profile?ron_addr=0x3935a2b1afc39e4d419249650278a021ab1a0587,Plant,Papi,Clover,Pumpkin,Serious,Leaf Bug,Yam,0
https://axie.zone//profile?ron_addr=0x3935a2b1afc39e4d419249650278a021ab1a0587,Dusk,Mavis,Gill,Furball,Tiny Turtle,Wing Horn,Grass Snake,0
https://axie.zone//profile?ron_addr=0xd16d224110af99a43ac92f8a85eb75c987a58e6f,Dusk,Clear,Bubblemaker,Garish Worm,Tiny Turtle,Wing Horn,Grass Snake,0
https://axie.zone//profile?ron_addr=0xd16d224110af99a43ac92f8a85eb75c987a58e6f,Dusk,Gecko,Tiny Fan,Bone Sail,Toothless Bite,Cerastes,Grass Snake,0
https://axie.zone//profile?ron_addr=0xd16d224110af99a43ac92f8a85eb75c987a58e6f,Plant,Papi,Rosa,Bone Sail,Zigzag,Leaf Bug,Yam,0
https://axie.zone//profile?ron_addr=0x92d7de839187bf86e2752e3507d3ca777cad46cb,Plant,Chubby,Hollow,Bidens,Cute Bunny,Antenna,Cattail,0
https://axie.zone//profile?ron_addr=0x92d7de839187bf86e2752e3507d3ca777cad46cb,Dusk,Sleepless,Ear Breathing,Bone Sail,Cute Bunny,Antenna,Nut Cracker,0
https://axie.zone//profile?ron_addr=0x92d7de839187bf86e2752e3507d3ca777cad46cb,Aquatic,Clear,Nimo,Goldfish,Cute Bunny,Antenna,Nimo,0
https://axie.zone//profile?ron_addr=0x07f539753f239dded678ba137a7cc20118130d84,Dusk,Clear,Early Bird,Bone Sail,Cute Bunny,Antenna,Fish Snack,0
https://axie.zone//profile?ron_addr=0x07f539753f239dded678ba137a7cc20118130d84,Dusk,Gero,Bubblemaker,Goldfish,Cute Bunny,Antenna,Nimo,0
https://axie.zone//profile?ron_addr=0x07f539753f239dded678ba137a7cc20118130d84,Dusk,Clear,Peace Maker,Pumpkin,Cute Bunny,Incisor,Nimo,0
https://axie.zone//profile?ron_addr=0xaa1a64f1eb9686636fcf50b3650d72d5646e6441,Plant,Papi,Lotus,Pumpkin,Serious,Leaf Bug,Cattail,0
https://axie.zone//profile?ron_addr=0xaa1a64f1eb9686636fcf50b3650d72d5646e6441,Beast,Robin,Risky Bird,Ronin,Nut Cracker,Wing Horn,Nut Cracker,0
https://axie.zone//profile?ron_addr=0xaa1a64f1eb9686636fcf50b3650d72d5646e6441,Dusk,Little Owl,Hollow,Bone Sail,Zigzag,Bumpy,Nimo,0
https://axie.zone//profile?ron_addr=0xaecef85fe7e88965b07932f687692f57ee771d52,Plant,Clear,Leaf Bug,Bone Sail,Pincer,Antenna,Carrot,0
https://axie.zone//profile?ron_addr=0xaecef85fe7e88965b07932f687692f57ee771d52,Aquatic,Clear,Inkling,Goldfish,Cute Bunny,Antenna,Nimo,0
https://axie.zone//profile?ron_addr=0xaecef85fe7e88965b07932f687692f57ee771d52,Bug,Nerdy,Leaf Bug,Bone Sail,Cute Bunny,Antenna,Fish Snack,0
https://axie.zone//profile?ron_addr=0x25a83fd63ec83d8ee227bae32a537c3c8741524a,Aquatic,Clear,Bubblemaker,Goldfish,Cute Bunny,Pocky,Nimo,0
https://axie.zone//profile?ron_addr=0x25a83fd63ec83d8ee227bae32a537c3c8741524a,Plant,Papi,Lotus,Garish Worm,Serious,Beech,Carrot,0
https://axie.zone//profile?ron_addr=0x25a83fd63ec83d8ee227bae32a537c3c8741524a,Bug,Papi,Ear Breathing,Garish Worm,Pincer,Parasite,Fish Snack,0
https://axie.zone//profile?ron_addr=0x67b58e1ed1fd988592f8b6e591aa2df82821b377,Beast,Robin,Pink Cheek,Ronin,Square Teeth,Dual Blade,Hare,0
https://axie.zone//profile?ron_addr=0x67b58e1ed1fd988592f8b6e591aa2df82821b377,Reptile,Cucumber Slice,Nimo,Garish Worm,Tiny Turtle,Cerastes,Shrimp,0
https://axie.zone//profile?ron_addr=0x67b58e1ed1fd988592f8b6e591aa2df82821b377,Plant,Papi,Hollow,Pumpkin,Herbivore,Leaf Bug,Cattail,0
https://axie.zone//profile?ron_addr=0x4d87f0d44169bbddfc688c17b4c77f17380638e5,Bug,Bookworm,Ear Breathing,Scarab,Pincer,Parasite,Fish Snack,0
https://axie.zone//profile?ron_addr=0x4d87f0d44169bbddfc688c17b4c77f17380638e5,Aquatic,Telescope,Bubblemaker,Balloon,Risky Fish,Pliers,Koi,0
https://axie.zone//profile?ron_addr=0x4d87f0d44169bbddfc688c17b4c77f17380638e5,Plant,Papi,Clover,Garish Worm,Serious,Parasite,Hot Butt,0
https://axie.zone//profile?ron_addr=0xdb0b4aaf515b73c8ee5f105a17c6bd29da91ea53,Bug,Cucumber Slice,Ear Breathing,Garish Worm,Pincer,Parasite,Fish Snack,0
https://axie.zone//profile?ron_addr=0xdb0b4aaf515b73c8ee5f105a17c6bd29da91ea53,Aquatic,Clear,Bubblemaker,Blue Moon,Cute Bunny,Arco,Nimo,0
https://axie.zone//profile?ron_addr=0xdb0b4aaf515b73c8ee5f105a17c6bd29da91ea53,Plant,Confused,Hollow,Garish Worm,Pincer,Cactus,Hot Butt,0
https://axie.zone//profile?ron_addr=0x43af97fb245eb027083d01576be2e9bcb83be513,Bug,Kotaro?,Gill,Garish Worm,Cute Bunny,Antenna,Thorny Caterpillar,0
https://axie.zone//profile?ron_addr=0x43af97fb245eb027083d01576be2e9bcb83be513,Aquatic,Zeal,Risky Bird,Bone Sail,Cute Bunny,Antenna,Nimo,0
https://axie.zone//profile?ron_addr=0x43af97fb245eb027083d01576be2e9bcb83be513,Dusk,Confused,Sidebarb,Bone Sail,Cute Bunny,Antenna,Nimo,0
https://axie.zone//profile?ron_addr=0xd868422ee4b641766e5cbbad5ac3c09970d6f496,Aquatic,Telescope,Leaf Bug,Bone Sail,Cute Bunny,Antenna,Fish Snack,0
https://axie.zone//profile?ron_addr=0xd868422ee4b641766e5cbbad5ac3c09970d6f496,Aquatic,Gecko,Gill,Bidens,Cute Bunny,Antenna,Koi,0
https://axie.zone//profile?ron_addr=0xd868422ee4b641766e5cbbad5ac3c09970d6f496,Dusk,Confused,Curly,Snail Shell,Cute Bunny,Antenna,Nimo,0
https://axie.zone//profile?ron_addr=0xc34607a7eb3fb7d8770413d175783d43540fa1b3,Dusk,Gero,Early Bird,Garish Worm,Tiny Turtle,Wing Horn,Grass Snake,0
https://axie.zone//profile?ron_addr=0xc34607a7eb3fb7d8770413d175783d43540fa1b3,Dusk,Clear,Puppy,Garish Worm,Toothless Bite,Cerastes,Grass Snake,0
https://axie.zone//profile?ron_addr=0xc34607a7eb3fb7d8770413d175783d43540fa1b3,Plant,Papi,Hollow,Pumpkin,Pincer,Leaf Bug,Yam,0
https://axie.zone//profile?ron_addr=0x72cfe399669f33b9e1befe463ea6ca43c3f41b92,Aquatic,Clear,Inkling,Goldfish,Doubletalk,Dual Blade,Koi,0
https://axie.zone//profile?ron_addr=0x72cfe399669f33b9e1befe463ea6ca43c3f41b92,Aquatic,Telescope,Nimo,Goldfish,Risky Fish,Dual Blade,Nimo,0
https://axie.zone//profile?ron_addr=0x72cfe399669f33b9e1befe463ea6ca43c3f41b92,Plant,Papi,Clover,Bidens,Serious,Cactus,Hot Butt,0
https://axie.zone//profile?ron_addr=0x654ef23cbb6e17ec2f855d2b3530e2bb458aa49d,Dusk,Tricky,Tassels,Bone Sail,Cute Bunny,Antenna,Fish Snack,0
https://axie.zone//profile?ron_addr=0x654ef23cbb6e17ec2f855d2b3530e2bb458aa49d,Dusk,Clear,Belieber,Bone Sail,Cute Bunny,Antenna,Carrot,0
https://axie.zone//profile?ron_addr=0x654ef23cbb6e17ec2f855d2b3530e2bb458aa49d,Aquatic,Clear,Inkling,Goldfish,Cute Bunny,Antenna,Nimo,0
https://axie.zone//profile?ron_addr=0xd3924da968e55b46342c1f9ca2a55c78fc9907dd,Plant,Blossom,Clover,Pumpkin,Serious,Leaf Bug,Yam,0
https://axie.zone//profile?ron_addr=0xd3924da968e55b46342c1f9ca2a55c78fc9907dd,Dusk,Papi,Larva,Garish Worm,Toothless Bite,Cerastes,Grass Snake,0
https://axie.zone//profile?ron_addr=0xd3924da968e55b46342c1f9ca2a55c78fc9907dd,Dusk,Sleepless,Gill,Garish Worm,Tiny Turtle,Wing Horn,Grass Snake,0
https://axie.zone//profile?ron_addr=0x258d6e072e9a8eb5e9cb04ad405b2f303933d65b,Bug,Bookworm,Beetle Spike,Sandal,Cute Bunny,Antenna,Fish Snack,0
https://axie.zone//profile?ron_addr=0x258d6e072e9a8eb5e9cb04ad405b2f303933d65b,Dusk,Gero,Nyan,Bidens,Cute Bunny,Antenna,Carrot,0
https://axie.zone//profile?ron_addr=0x258d6e072e9a8eb5e9cb04ad405b2f303933d65b,Aquatic,Gero,Inkling,Bone Sail,Cute Bunny,Antenna,Nimo,0
https://axie.zone//profile?ron_addr=0xa8d174e5454f11d3b7d283bdf8c9bf32081d8e9a,Reptile,Blossom,Small Frill,Bidens,Cute Bunny,Incisor,Thorny Caterpillar,0
https://axie.zone//profile?ron_addr=0xa8d174e5454f11d3b7d283bdf8c9bf32081d8e9a,Plant,Papi,Sidebarb,Watering Can,Cute Bunny,Leaf Bug,Hot Butt,0
https://axie.zone//profile?ron_addr=0xa8d174e5454f11d3b7d283bdf8c9bf32081d8e9a,Bird,Mavis,Owl,Pigeon Post,Cute Bunny,Eggshell,Post Fight,0
https://axie.zone//profile?ron_addr=0x14f113cfed4da244bfe331cbe1792b22d2756771,Plant,Cucumber Slice,Lotus,Bidens,Zigzag,Cactus,Hot Butt,0
https://axie.zone//profile?ron_addr=0x14f113cfed4da244bfe331cbe1792b22d2756771,Aquatic,Clear,Owl,Ronin,Risky Fish,Dual Blade,Nimo,0
https://axie.zone//profile?ron_addr=0x14f113cfed4da244bfe331cbe1792b22d2756771,Plant,Papi,Sakura,Pumpkin,Serious,Leaf Bug,Cattail,0
https://axie.zone//profile?ron_addr=0x8283986273466f9427afe5abb059ffea1cc84fe0,Aquatic,Clear,Inkling,Sandal,Piranha,Arco,Gravel Ant,0
https://axie.zone//profile?ron_addr=0x8283986273466f9427afe5abb059ffea1cc84fe0,Dusk,Clear,Bubblemaker,Bone Sail,Cute Bunny,Antenna,Nimo,0
https://axie.zone//profile?ron_addr=0x8283986273466f9427afe5abb059ffea1cc84fe0,Dusk,Mavis,Bubblemaker,Snail Shell,Cute Bunny,Antenna,Nimo,0
https://axie.zone//profile?ron_addr=0x33beb9b89c296de50f00f42f2a78e1adf5cf9875,Bug,Sleepless,Leaf Bug,Bone Sail,Cute Bunny,Antenna,Fish Snack,0
https://axie.zone//profile?ron_addr=0x33beb9b89c296de50f00f42f2a78e1adf5cf9875,Plant,Blossom,Rosa,Bidens,Zigzag,Antenna,Hot Butt,0
https://axie.zone//profile?ron_addr=0x33beb9b89c296de50f00f42f2a78e1adf5cf9875,Aquatic,Sleepless,Friezard,Goldfish,Cute Bunny,Antenna,Nimo,0
https://axie.zone//profile?ron_addr=0x8df1542ada6751a5293804d0a533a47f337cd5fc,Bug,Confused,Nimo,Garish Worm,Cute Bunny,Antenna,Fish Snack,0
https://axie.zone//profile?ron_addr=0x8df1542ada6751a5293804d0a533a47f337cd5fc,Aquatic,Clear,Inkling,Goldfish,Cute Bunny,Antenna,Nimo,0
https://axie.zone//profile?ron_addr=0x8df1542ada6751a5293804d0a533a47f337cd5fc,Dusk,Gero,Pogona,Bidens,Cute Bunny,Antenna,Carrot,0
https://axie.zone//profile?ron_addr=0x07e900e4df527e447e13280dc66356408fd8c437,Bug,Confused,Clover,Garish Worm,Cute Bunny,Antenna,Fish Snack,0
https://axie.zone//profile?ron_addr=0x07e900e4df527e447e13280dc66356408fd8c437,Plant,Papi,Lotus,Pumpkin,Cute Bunny,Antenna,Carrot,0
https://axie.zone//profile?ron_addr=0x07e900e4df527e447e13280dc66356408fd8c437,Aquatic,Clear,Zen,Goldfish,Cute Bunny,Antenna,Nimo,0
https://axie.zone//profile?ron_addr=0xa4ed68d543479d1b9d95ffac1f2c0c9188ad283e,Bird,Little Owl,Owl,Pigeon Post,Doubletalk,Eggshell,Post Fight,0
https://axie.zone//profile?ron_addr=0xa4ed68d543479d1b9d95ffac1f2c0c9188ad283e,Aquatic,Clear,Inkling,Sponge,Risky Fish,Dual Blade,Nimo,0
https://axie.zone//profile?ron_addr=0xa4ed68d543479d1b9d95ffac1f2c0c9188ad283e,Plant,Papi,Sakura,Bidens,Zigzag,Beech,Hatsune,0
https://axie.zone//profile?ron_addr=0x08bd2015474e61c5179632bb78cd39bfae1a27bb,Plant,Papi,Hollow,Garish Worm,Zigzag,Leaf Bug,Hot Butt,0
https://axie.zone//profile?ron_addr=0x08bd2015474e61c5179632bb78cd39bfae1a27bb,Aquatic,Zeal,Owl,Goldfish,Cute Bunny,Oranda,Nimo,0
https://axie.zone//profile?ron_addr=0x08bd2015474e61c5179632bb78cd39bfae1a27bb,Bug,Mavis,Sakura,Garish Worm,Pincer,Parasite,Fish Snack,0
https://axie.zone//profile?ron_addr=0xbe9fd4a239359dd31d386c13d643cb6dad989c4d,Reptile,Robin,Seaslug,Indian Star,Cute Bunny,Cerastes,Grass Snake,0
https://axie.zone//profile?ron_addr=0xbe9fd4a239359dd31d386c13d643cb6dad989c4d,Plant,Confused,Leafy,Pumpkin,Cute Bunny,Beech,Rice,0
https://axie.zone//profile?ron_addr=0xbe9fd4a239359dd31d386c13d643cb6dad989c4d,Dusk,Clear,Risky Bird,Buzz Buzz,Cute Bunny,Cerastes,Grass Snake,0
https://axie.zone//profile?ron_addr=0x454ea7ca403c18420408ef1fc0f046596e6e05b2,Plant,Papi,Hollow,Bidens,Mosquito,Rose Bud,Yam,0
https://axie.zone//profile?ron_addr=0x454ea7ca403c18420408ef1fc0f046596e6e05b2,Reptile,Clear,Friezard,Croc,Toothless Bite,Incisor,Grass Snake,0
https://axie.zone//profile?ron_addr=0x454ea7ca403c18420408ef1fc0f046596e6e05b2,Dusk,Clear,Gill,Furball,Tiny Turtle,Wing Horn,Grass Snake,0
https://axie.zone//profile?ron_addr=0x1ebf526bfa29d0256a03b5c2c3c88fc56dbf3f87,Aquatic,Clear,Bubblemaker,Goldfish,Cute Bunny,Dual Blade,Nimo,0
https://axie.zone//profile?ron_addr=0x1ebf526bfa29d0256a03b5c2c3c88fc56dbf3f87,Aquatic,Clear,Inkling,Goldfish,Cute Bunny,Bumpy,Nimo,0
https://axie.zone//profile?ron_addr=0x1ebf526bfa29d0256a03b5c2c3c88fc56dbf3f87,Aquatic,Clear,Nimo,Risky Beast,Cute Bunny,Parasite,Koi,0
https://axie.zone//profile?ron_addr=0x18aeaaaba0a3aab0ac390cab35397dc24f999ecc,Plant,Papi,Lotus,Garish Worm,Cute Bunny,Cactus,Hot Butt,0
https://axie.zone//profile?ron_addr=0x18aeaaaba0a3aab0ac390cab35397dc24f999ecc,Bug,Papi,Ear Breathing,Garish Worm,Pincer,Parasite,Fish Snack,0
https://axie.zone//profile?ron_addr=0x18aeaaaba0a3aab0ac390cab35397dc24f999ecc,Aquatic,Telescope,Gill,Goldfish,Cute Bunny,Oranda,Nimo,0
https://axie.zone//profile?ron_addr=0xb0fa76b98a60124419bc5c059cdd57410e2e43d3,Plant,Tricky,Hollow,Garish Worm,Pincer,Cactus,Hot Butt,0
https://axie.zone//profile?ron_addr=0xb0fa76b98a60124419bc5c059cdd57410e2e43d3,Bug,Cucumber Slice,Ear Breathing,Garish Worm,Pincer,Parasite,Fish Snack,0
https://axie.zone//profile?ron_addr=0xb0fa76b98a60124419bc5c059cdd57410e2e43d3,Aquatic,Clear,Gill,Goldfish,Cute Bunny,Oranda,Nimo,0
https://axie.zone//profile?ron_addr=0x7093b896e19b8d3c1bd5f756c25a7785e65f7693,Bug,Kotaro?,Ear Breathing,Garish Worm,Pincer,Parasite,Fish Snack,0
https://axie.zone//profile?ron_addr=0x7093b896e19b8d3c1bd5f756c25a7785e65f7693,Plant,Papi,Sidebarb,Garish Worm,Serious,Pocky,Carrot,0
https://axie.zone//profile?ron_addr=0x7093b896e19b8d3c1bd5f756c25a7785e65f7693,Aquatic,Clear,Tiny Fan,Goldfish,Cute Bunny,Arco,Nimo,0
https://axie.zone//profile?ron_addr=0x460e7489515256202d43368a524be034abb97741,Dusk,Nerdy,Belieber,Bone Sail,Cute Bunny,Antenna,Nimo,0
https://axie.zone//profile?ron_addr=0x460e7489515256202d43368a524be034abb97741,Dusk,Confused,Seaslug,Red Ear,Cute Bunny,Antenna,Fish Snack,0
https://axie.zone//profile?ron_addr=0x460e7489515256202d43368a524be034abb97741,Dusk,Clear,Seaslug,Ronin,Cute Bunny,Antenna,Nimo,0
https://axie.zone//profile?ron_addr=0xc63a54d5e0efc2d46ecad63c4d778cf60fadb010,Bug,Gecko,Sakura,Bone Sail,Pincer,Parasite,Fish Snack,0
https://axie.zone//profile?ron_addr=0xc63a54d5e0efc2d46ecad63c4d778cf60fadb010,Plant,Confused,Lotus,Bidens,Cute Bunny,Beech,Hatsune,0
https://axie.zone//profile?ron_addr=0xc63a54d5e0efc2d46ecad63c4d778cf60fadb010,Bird,Mavis,Early Bird,Pigeon Post,Cute Bunny,Eggshell,Post Fight,0
https://axie.zone//profile?ron_addr=0xbfbf429565c499b1799df66a2137c94506a4f3ab,Dusk,Scar,Curly,Watering Can,Cute Bunny,Antenna,Carrot,0
https://axie.zone//profile?ron_addr=0xbfbf429565c499b1799df66a2137c94506a4f3ab,Bug,Sleepless,Risky Bird,Garish Worm,Cute Bunny,Antenna,Fish Snack,0
https://axie.zone//profile?ron_addr=0xbfbf429565c499b1799df66a2137c94506a4f3ab,Aquatic,Clear,Inkling,Goldfish,Cute Bunny,Antenna,Nimo,0
https://axie.zone//profile?ron_addr=0xb7a06807f0c85738e02cf315a39aca7a60d38491,Aquatic,Clear,Bubblemaker,Garish Worm,Risky Fish,Shoal Star,Nimo,0
https://axie.zone//profile?ron_addr=0xb7a06807f0c85738e02cf315a39aca7a60d38491,Aquatic,Clear,Bubblemaker,Garish Worm,Risky Fish,Pliers,Koi,0
https://axie.zone//profile?ron_addr=0xb7a06807f0c85738e02cf315a39aca7a60d38491,Aquatic,Clear,Bubblemaker,Garish Worm,Cute Bunny,Shoal Star,Nimo,0
https://axie.zone//profile?ron_addr=0x1ae6092ba286acba5f790de8607a29f604d53484,Dusk,Mavis,Gill,Furball,Tiny Turtle,Wing Horn,Grass Snake,0
https://axie.zone//profile?ron_addr=0x1ae6092ba286acba5f790de8607a29f604d53484,Dusk,Telescope,Tiny Fan,Bone Sail,Toothless Bite,Cerastes,Grass Snake,0
https://axie.zone//profile?ron_addr=0x1ae6092ba286acba5f790de8607a29f604d53484,Dusk,Scar,Lotus,Bidens,Zigzag,Leaf Bug,Yam,0
https://axie.zone//profile?ron_addr=0x2d12aacb8642c8f10c2941d20cd3b9daf806db45,Plant,Confused,Lotus,Pumpkin,Serious,Leaf Bug,Yam,0
https://axie.zone//profile?ron_addr=0x2d12aacb8642c8f10c2941d20cd3b9daf806db45,Reptile,Blossom,Curved Spine,Garish Worm,Toothless Bite,Cerastes,Grass Snake,0
https://axie.zone//profile?ron_addr=0x2d12aacb8642c8f10c2941d20cd3b9daf806db45,Dusk,Gero,Bubblemaker,Garish Worm,Tiny Turtle,Wing Horn,Grass Snake,0
https://axie.zone//profile?ron_addr=0x939c65212b5c009968d8aa8c4e8e421df2dd742a,Plant,Cucumber Slice,Sakura,Bidens,Zigzag,Cactus,Carrot,0
https://axie.zone//profile?ron_addr=0x939c65212b5c009968d8aa8c4e8e421df2dd742a,Mech,Mavis,Gill,Jaguar,Goda,Dual Blade,Hare,0
https://axie.zone//profile?ron_addr=0x939c65212b5c009968d8aa8c4e8e421df2dd742a,Dusk,Sleepless,Bubblemaker,Tri Spikes,Tiny Turtle,Incisor,Nimo,0
https://axie.zone//profile?ron_addr=0xd8dcd4ea1ec19645d730a2829acba5abf0a07abe,Dusk,Papi,Curved Spine,Bone Sail,Cute Bunny,Antenna,Carrot,0
https://axie.zone//profile?ron_addr=0xd8dcd4ea1ec19645d730a2829acba5abf0a07abe,Dusk,Gero,Seaslug,Garish Worm,Cute Bunny,Antenna,Fish Snack,0
https://axie.zone//profile?ron_addr=0xd8dcd4ea1ec19645d730a2829acba5abf0a07abe,Dusk,Clear,Bubblemaker,Goldfish,Cute Bunny,Antenna,Nimo,0
https://axie.zone//profile?ron_addr=0x6f4763771c9751d379326f6cd11fceba03cefa48,Bug,Bookworm,Pink Cheek,Garish Worm,Pincer,Parasite,Wall Gecko,0
https://axie.zone//profile?ron_addr=0x6f4763771c9751d379326f6cd11fceba03cefa48,Aquatic,Clear,Risky Bird,Goldfish,Cute Bunny,Oranda,Nimo,0
https://axie.zone//profile?ron_addr=0x6f4763771c9751d379326f6cd11fceba03cefa48,Plant,Confused,Lotus,Garish Worm,Zigzag,Beech,Hot Butt,0
